{"cameraMode":{"drawMode":0,"name":"Shaded","section":"Shading Mode"},"sceneLighting":false,"audioPlay":false,"sceneViewState":{"m_AlwaysRefresh":false,"showFog":true,"showSkybox":false,"showFlares":true,"showImageEffects":true,"showParticleSystems":true,"showVisualEffectGraphs":true,"m_FxEnabled":true},"in2DMode":false,"pivot":{"x":-0.21379733085632325,"y":0.01575714349746704,"z":0.16106504201889039},"rotation":{"x":0.0637274980545044,"y":0.8929343223571777,"z":-0.13386665284633637,"w":0.42507681250572207},"size":0.24724729359149934,"orthographic":false}