{"cameraMode":{"drawMode":0,"name":"Shaded","section":"Shading Mode"},"sceneLighting":true,"audioPlay":false,"sceneViewState":{"m_AlwaysRefresh":false,"showFog":true,"showSkybox":true,"showFlares":true,"showImageEffects":true,"showParticleSystems":true,"showVisualEffectGraphs":true,"m_FxEnabled":true},"in2DMode":false,"pivot":{"x":-1.420652985572815,"y":0.6274514198303223,"z":0.17288705706596375},"rotation":{"x":0.16832716763019563,"y":0.8149802088737488,"z":-0.29040759801864626,"w":0.47238004207611086},"size":1.929601788520813,"orthographic":false}